date,vistor,vistorAbrv,vistorGoals,home,homeAbrv,homeGoals,notes
"1982-10-05","Calgary Flames","CGY","5","Edmonton Oilers","EDM","7",
"1982-10-05","Pittsburgh Penguins","PIT","3","New Jersey Devils","NJD","3",
"1982-10-05","New York Islanders","NYI","1","Vancouver Canucks","VAN","2",
"1982-10-06","Quebec Nordiques","QUE","6","Buffalo Sabres","BUF","4",
"1982-10-06","Toronto Maple Leafs","TOR","3","Chicago Black Hawks","CBH","3",
"1982-10-06","St. Louis Blues","STL","2","Detroit Red Wings","DET","1",
"1982-10-06","Vancouver Canucks","VAN","3","Los Angeles Kings","LAK","3",
"1982-10-06","Hartford Whalers","HAR","1","Montreal Canadiens","MTL","2",
"1982-10-06","Washington Capitals","WSH","5","New York Rangers","NYR","4",
"1982-10-06","Minnesota North Stars","MNS","5","Winnipeg Jets","WIN","4",
"1982-10-07","Montreal Canadiens","MTL","5","Boston Bruins","BOS","1",
"1982-10-07","New York Islanders","NYI","5","Calgary Flames","CGY","4",
"1982-10-07","Quebec Nordiques","QUE","5","Philadelphia Flyers","PHI","9",
"1982-10-07","Toronto Maple Leafs","TOR","2","St. Louis Blues","STL","3",
"1982-10-08","New York Islanders","NYI","6","Edmonton Oilers","EDM","4",
"1982-10-08","Detroit Red Wings","DET","3","Minnesota North Stars","MNS","3",
"1982-10-08","New York Rangers","NYR","2","New Jersey Devils","NJD","3",
"1982-10-09","Winnipeg Jets","WIN","8","Detroit Red Wings","DET","0",
"1982-10-09","Boston Bruins","BOS","5","Hartford Whalers","HAR","4",
"1982-10-09","Calgary Flames","CGY","1","Los Angeles Kings","LAK","3",
"1982-10-09","Chicago Black Hawks","CBH","8","Montreal Canadiens","MTL","7",
"1982-10-09","New York Rangers","NYR","5","Pittsburgh Penguins","PIT","3",
"1982-10-09","Buffalo Sabres","BUF","4","Quebec Nordiques","QUE","6",
"1982-10-09","Minnesota North Stars","MNS","6","St. Louis Blues","STL","3",
"1982-10-09","New Jersey Devils","NJD","5","Toronto Maple Leafs","TOR","5",
"1982-10-09","Edmonton Oilers","EDM","6","Vancouver Canucks","VAN","3",
"1982-10-09","Philadelphia Flyers","PHI","3","Washington Capitals","WSH","2",
"1982-10-10","Pittsburgh Penguins","PIT","3","Boston Bruins","BOS","4",
"1982-10-10","Hartford Whalers","HAR","4","Buffalo Sabres","BUF","4",
"1982-10-10","Winnipeg Jets","WIN","5","Chicago Black Hawks","CBH","3",
"1982-10-10","Washington Capitals","WSH","4","Philadelphia Flyers","PHI","6",
"1982-10-11","New York Islanders","NYI","4","New York Rangers","NYR","3",
"1982-10-11","Montreal Canadiens","MTL","4","Quebec Nordiques","QUE","3",
"1982-10-12","Edmonton Oilers","EDM","4","Calgary Flames","CGY","9",
"1982-10-12","Boston Bruins","BOS","2","New Jersey Devils","NJD","2",
"1982-10-12","Vancouver Canucks","VAN","4","Pittsburgh Penguins","PIT","5",
"1982-10-12","Los Angeles Kings","LAK","5","Winnipeg Jets","WIN","3",
"1982-10-13","St. Louis Blues","STL","4","Chicago Black Hawks","CBH","6",
"1982-10-13","Philadelphia Flyers","PHI","2","New York Rangers","NYR","5",
"1982-10-13","Washington Capitals","WSH","5","Toronto Maple Leafs","TOR","3",
"1982-10-14","Vancouver Canucks","VAN","1","Boston Bruins","BOS","2",
"1982-10-14","Detroit Red Wings","DET","4","Calgary Flames","CGY","6",
"1982-10-14","Edmonton Oilers","EDM","4","Hartford Whalers","HAR","4",
"1982-10-14","Toronto Maple Leafs","TOR","2","Minnesota North Stars","MNS","6",
"1982-10-14","Montreal Canadiens","MTL","5","New Jersey Devils","NJD","3",
"1982-10-14","Pittsburgh Penguins","PIT","0","New York Islanders","NYI","9",
"1982-10-14","Buffalo Sabres","BUF","2","Philadelphia Flyers","PHI","4",
"1982-10-14","Los Angeles Kings","LAK","4","Quebec Nordiques","QUE","4",
"1982-10-14","Winnipeg Jets","WIN","5","St. Louis Blues","STL","2",
"1982-10-16","Edmonton Oilers","EDM","6","Boston Bruins","BOS","6",
"1982-10-16","Vancouver Canucks","VAN","5","Hartford Whalers","HAR","6",
"1982-10-16","Calgary Flames","CGY","4","Minnesota North Stars","MNS","8",
"1982-10-16","New York Rangers","NYR","2","Montreal Canadiens","MTL","8",
"1982-10-16","Los Angeles Kings","LAK","1","New York Islanders","NYI","4",
"1982-10-16","New Jersey Devils","NJD","6","Pittsburgh Penguins","PIT","5",
"1982-10-16","Philadelphia Flyers","PHI","4","Quebec Nordiques","QUE","3",
"1982-10-16","Detroit Red Wings","DET","0","St. Louis Blues","STL","6",
"1982-10-16","Chicago Black Hawks","CBH","3","Toronto Maple Leafs","TOR","2",
"1982-10-16","Buffalo Sabres","BUF","9","Washington Capitals","WSH","2",
"1982-10-17","Edmonton Oilers","EDM","4","Buffalo Sabres","BUF","6",
"1982-10-17","Detroit Red Wings","DET","4","Chicago Black Hawks","CBH","6",
"1982-10-17","Los Angeles Kings","LAK","5","New York Rangers","NYR","3",
"1982-10-17","Calgary Flames","CGY","5","Winnipeg Jets","WIN","5",
"1982-10-18","St. Louis Blues","STL","3","Minnesota North Stars","MNS","4",
"1982-10-18","Philadelphia Flyers","PHI","1","New Jersey Devils","NJD","3",
"1982-10-19","Boston Bruins","BOS","3","Calgary Flames","CGY","1",
"1982-10-19","Vancouver Canucks","VAN","4","New York Islanders","NYI","5",
"1982-10-20","Buffalo Sabres","BUF","0","Chicago Black Hawks","CBH","4",
"1982-10-20","Quebec Nordiques","QUE","5","Detroit Red Wings","DET","3",
"1982-10-20","Hartford Whalers","HAR","2","Edmonton Oilers","EDM","4",
"1982-10-20","New Jersey Devils","NJD","4","Los Angeles Kings","LAK","7",
"1982-10-20","Vancouver Canucks","VAN","5","New York Rangers","NYR","6",
"1982-10-20","St. Louis Blues","STL","5","Pittsburgh Penguins","PIT","3",
"1982-10-20","Minnesota North Stars","MNS","2","Toronto Maple Leafs","TOR","5",
"1982-10-20","Montreal Canadiens","MTL","3","Washington Capitals","WSH","3",
"1982-10-21","Hartford Whalers","HAR","3","Calgary Flames","CGY","10",
"1982-10-21","Boston Bruins","BOS","5","Edmonton Oilers","EDM","3",
"1982-10-21","Washington Capitals","WSH","3","New York Islanders","NYI","6",
"1982-10-21","Montreal Canadiens","MTL","2","Philadelphia Flyers","PHI","1",
"1982-10-21","Pittsburgh Penguins","PIT","4","Quebec Nordiques","QUE","8",
"1982-10-22","New Jersey Devils","NJD","1","Winnipeg Jets","WIN","3",
"1982-10-23","Buffalo Sabres","BUF","2","Detroit Red Wings","DET","6",
"1982-10-23","Hartford Whalers","HAR","5","Los Angeles Kings","LAK","3",
"1982-10-23","Quebec Nordiques","QUE","5","Montreal Canadiens","MTL","9",
"1982-10-23","New York Rangers","NYR","2","New York Islanders","NYI","5",
"1982-10-23","Philadelphia Flyers","PHI","2","Pittsburgh Penguins","PIT","4",
"1982-10-23","Chicago Black Hawks","CBH","4","St. Louis Blues","STL","5",
"1982-10-23","Calgary Flames","CGY","5","Toronto Maple Leafs","TOR","5",
"1982-10-23","Boston Bruins","BOS","2","Vancouver Canucks","VAN","3",
"1982-10-23","Minnesota North Stars","MNS","3","Washington Capitals","WSH","1",
"1982-10-24","St. Louis Blues","STL","2","Buffalo Sabres","BUF","6",
"1982-10-24","New York Islanders","NYI","2","Chicago Black Hawks","CBH","4",
"1982-10-24","Boston Bruins","BOS","4","Los Angeles Kings","LAK","5",
"1982-10-24","Minnesota North Stars","MNS","2","New York Rangers","NYR","4",
"1982-10-24","Detroit Red Wings","DET","4","Philadelphia Flyers","PHI","7",
"1982-10-24","Edmonton Oilers","EDM","5","Winnipeg Jets","WIN","9",
"1982-10-26","Buffalo Sabres","BUF","7","Montreal Canadiens","MTL","7",
"1982-10-26","Minnesota North Stars","MNS","5","New Jersey Devils","NJD","3",
"1982-10-26","Calgary Flames","CGY","2","New York Islanders","NYI","7",
"1982-10-26","Toronto Maple Leafs","TOR","4","Quebec Nordiques","QUE","9",
"1982-10-26","Hartford Whalers","HAR","1","Vancouver Canucks","VAN","8",
"1982-10-27","St. Louis Blues","STL","4","Detroit Red Wings","DET","5",
"1982-10-27","Chicago Black Hawks","CBH","4","Edmonton Oilers","EDM","4",
"1982-10-27","Calgary Flames","CGY","4","New York Rangers","NYR","7",
"1982-10-27","Washington Capitals","WSH","5","Pittsburgh Penguins","PIT","7",
"1982-10-27","Boston Bruins","BOS","1","Toronto Maple Leafs","TOR","4",
"1982-10-27","Los Angeles Kings","LAK","3","Winnipeg Jets","WIN","7",
"1982-10-28","Detroit Red Wings","DET","3","Minnesota North Stars","MNS","7",
"1982-10-28","New York Islanders","NYI","4","New Jersey Devils","NJD","2",
"1982-10-28","Pittsburgh Penguins","PIT","2","Philadelphia Flyers","PHI","9",
"1982-10-29","Los Angeles Kings","LAK","3","Edmonton Oilers","EDM","6",
"1982-10-29","Chicago Black Hawks","CBH","2","Vancouver Canucks","VAN","2",
"1982-10-30","Detroit Red Wings","DET","4","Hartford Whalers","HAR","2",
"1982-10-30","Chicago Black Hawks","CBH","5","Los Angeles Kings","LAK","5",
"1982-10-30","Philadelphia Flyers","PHI","2","Minnesota North Stars","MNS","3",
"1982-10-30","Boston Bruins","BOS","4","Montreal Canadiens","MTL","4",
"1982-10-30","New Jersey Devils","NJD","5","New York Islanders","NYI","8",
"1982-10-30","Calgary Flames","CGY","4","Pittsburgh Penguins","PIT","1",
"1982-10-30","New York Rangers","NYR","4","Quebec Nordiques","QUE","5",
"1982-10-30","Washington Capitals","WSH","6","St. Louis Blues","STL","5",
"1982-10-30","Buffalo Sabres","BUF","3","Toronto Maple Leafs","TOR","3",
"1982-10-31","Montreal Canadiens","MTL","1","Buffalo Sabres","BUF","3",
"1982-10-31","Vancouver Canucks","VAN","3","Edmonton Oilers","EDM","2",
"1982-10-31","Pittsburgh Penguins","PIT","2","New York Rangers","NYR","6",
"1982-10-31","Philadelphia Flyers","PHI","3","Winnipeg Jets","WIN","2",
"1982-11-01","Calgary Flames","CGY","6","New Jersey Devils","NJD","3",
"1982-11-02","Minnesota North Stars","MNS","7","Hartford Whalers","HAR","6",
"1982-11-02","New Jersey Devils","NJD","4","Montreal Canadiens","MTL","5",
"1982-11-02","Pittsburgh Penguins","PIT","3","New York Islanders","NYI","1",
"1982-11-02","Vancouver Canucks","VAN","5","Quebec Nordiques","QUE","2",
"1982-11-02","Detroit Red Wings","DET","2","St. Louis Blues","STL","4",
"1982-11-03","Boston Bruins","BOS","3","Buffalo Sabres","BUF","2",
"1982-11-03","Washington Capitals","WSH","3","Chicago Black Hawks","CBH","3",
"1982-11-03","New York Islanders","NYI","3","Detroit Red Wings","DET","3",
"1982-11-03","Winnipeg Jets","WIN","2","Edmonton Oilers","EDM","7",
"1982-11-03","Toronto Maple Leafs","TOR","2","Los Angeles Kings","LAK","6",
"1982-11-04","Hartford Whalers","HAR","5","Boston Bruins","BOS","2",
"1982-11-04","Winnipeg Jets","WIN","5","Calgary Flames","CGY","7",
"1982-11-04","Minnesota North Stars","MNS","3","Montreal Canadiens","MTL","8",
"1982-11-04","Pittsburgh Penguins","PIT","4","New Jersey Devils","NJD","4",
"1982-11-04","Vancouver Canucks","VAN","4","Philadelphia Flyers","PHI","3",
"1982-11-05","New York Rangers","NYR","1","Edmonton Oilers","EDM","5",
"1982-11-05","St. Louis Blues","STL","4","Washington Capitals","WSH","3",
"1982-11-06","New York Rangers","NYR","2","Calgary Flames","CGY","2",
"1982-11-06","New Jersey Devils","NJD","1","Detroit Red Wings","DET","1",
"1982-11-06","Buffalo Sabres","BUF","5","Hartford Whalers","HAR","2",
"1982-11-06","Pittsburgh Penguins","PIT","2","Los Angeles Kings","LAK","6",
"1982-11-06","Vancouver Canucks","VAN","2","Montreal Canadiens","MTL","4",
"1982-11-06","Philadelphia Flyers","PHI","6","New York Islanders","NYI","3",
"1982-11-06","Minnesota North Stars","MNS","1","Quebec Nordiques","QUE","4",
"1982-11-06","Toronto Maple Leafs","TOR","3","St. Louis Blues","STL","3",
"1982-11-07","Detroit Red Wings","DET","0","Boston Bruins","BOS","7",
"1982-11-07","Vancouver Canucks","VAN","1","Buffalo Sabres","BUF","3",
"1982-11-07","Toronto Maple Leafs","TOR","3","Chicago Black Hawks","CBH","7",
"1982-11-07","New York Islanders","NYI","2","Philadelphia Flyers","PHI","2",
"1982-11-07","Calgary Flames","CGY","2","Winnipeg Jets","WIN","5",
"1982-11-07","Hartford Whalers","HAR","2","Washington Capitals","WSH","6",
"1982-11-08","Washington Capitals","WSH","2","New Jersey Devils","NJD","2",
"1982-11-08","Edmonton Oilers","EDM","5","Quebec Nordiques","QUE","5",
"1982-11-09","Los Angeles Kings","LAK","4","Calgary Flames","CGY","5",
"1982-11-09","Montreal Canadiens","MTL","3","Minnesota North Stars","MNS","2",
"1982-11-09","St. Louis Blues","STL","1","New York Islanders","NYI","4",
"1982-11-10","Philadelphia Flyers","PHI","2","Buffalo Sabres","BUF","7",
"1982-11-10","Montreal Canadiens","MTL","3","Chicago Black Hawks","CBH","6",
"1982-11-10","Quebec Nordiques","QUE","5","Hartford Whalers","HAR","7",
"1982-11-10","St. Louis Blues","STL","4","New York Rangers","NYR","5",
"1982-11-10","Edmonton Oilers","EDM","4","Pittsburgh Penguins","PIT","5",
"1982-11-10","Detroit Red Wings","DET","2","Toronto Maple Leafs","TOR","8",
"1982-11-10","Los Angeles Kings","LAK","2","Vancouver Canucks","VAN","4",
"1982-11-10","New Jersey Devils","NJD","0","Washington Capitals","WSH","3",
"1982-11-11","Quebec Nordiques","QUE","3","Boston Bruins","BOS","2",
"1982-11-11","New York Islanders","NYI","0","Minnesota North Stars","MNS","2",
"1982-11-11","Edmonton Oilers","EDM","5","New Jersey Devils","NJD","1",
"1982-11-11","New York Rangers","NYR","3","Philadelphia Flyers","PHI","7",
"1982-11-13","Buffalo Sabres","BUF","2","Boston Bruins","BOS","3",
"1982-11-13","Chicago Black Hawks","CBH","3","Detroit Red Wings","DET","2",
"1982-11-13","St. Louis Blues","STL","2","Hartford Whalers","HAR","5",
"1982-11-13","Montreal Canadiens","MTL","1","Los Angeles Kings","LAK","2",
"1982-11-13","Edmonton Oilers","EDM","4","Philadelphia Flyers","PHI","3",
"1982-11-13","Calgary Flames","CGY","3","Pittsburgh Penguins","PIT","1",
"1982-11-13","New Jersey Devils","NJD","2","Quebec Nordiques","QUE","7",
"1982-11-13","Minnesota North Stars","MNS","3","Toronto Maple Leafs","TOR","4",
"1982-11-13","Vancouver Canucks","VAN","2","Winnipeg Jets","WIN","3",
"1982-11-13","New York Islanders","NYI","1","Washington Capitals","WSH","3",
"1982-11-14","St. Louis Blues","STL","3","Boston Bruins","BOS","7",
"1982-11-14","Pittsburgh Penguins","PIT","6","Buffalo Sabres","BUF","6",
"1982-11-14","Minnesota North Stars","MNS","4","Chicago Black Hawks","CBH","5",
"1982-11-14","Edmonton Oilers","EDM","7","New York Rangers","NYR","2",
"1982-11-14","Vancouver Canucks","VAN","5","Winnipeg Jets","WIN","6",
"1982-11-16","Montreal Canadiens","MTL","7","Hartford Whalers","HAR","1",
"1982-11-16","Minnesota North Stars","MNS","8","Los Angeles Kings","LAK","3",
"1982-11-16","Edmonton Oilers","EDM","2","New York Islanders","NYI","4",
"1982-11-16","Boston Bruins","BOS","7","Quebec Nordiques","QUE","4",
"1982-11-16","New Jersey Devils","NJD","2","St. Louis Blues","STL","7",
"1982-11-16","Detroit Red Wings","DET","4","Vancouver Canucks","VAN","4",
"1982-11-16","Calgary Flames","CGY","3","Washington Capitals","WSH","5",
"1982-11-17","New Jersey Devils","NJD","3","Chicago Black Hawks","CBH","5",
"1982-11-17","Toronto Maple Leafs","TOR","1","New York Rangers","NYR","6",
"1982-11-17","Hartford Whalers","HAR","3","Pittsburgh Penguins","PIT","4",
"1982-11-17","Buffalo Sabres","BUF","7","Winnipeg Jets","WIN","2",
"1982-11-18","Detroit Red Wings","DET","1","Los Angeles Kings","LAK","4",
"1982-11-18","Buffalo Sabres","BUF","1","Minnesota North Stars","MNS","2",
"1982-11-18","Quebec Nordiques","QUE","4","Montreal Canadiens","MTL","7",
"1982-11-18","Boston Bruins","BOS","3","New York Islanders","NYI","1",
"1982-11-18","Calgary Flames","CGY","2","Philadelphia Flyers","PHI","3",
"1982-11-19","Washington Capitals","WSH","3","Winnipeg Jets","WIN","3",
"1982-11-20","Vancouver Canucks","VAN","3","Edmonton Oilers","EDM","3",
"1982-11-20","Calgary Flames","CGY","4","Hartford Whalers","HAR","4",
"1982-11-20","Buffalo Sabres","BUF","5","Los Angeles Kings","LAK","2",
"1982-11-20","New Jersey Devils","NJD","1","Minnesota North Stars","MNS","5",
"1982-11-20","Philadelphia Flyers","PHI","4","Montreal Canadiens","MTL","6",
"1982-11-20","Chicago Black Hawks","CBH","4","New York Islanders","NYI","5",
"1982-11-20","Boston Bruins","BOS","3","Pittsburgh Penguins","PIT","4",
"1982-11-20","Detroit Red Wings","DET","2","St. Louis Blues","STL","2",
"1982-11-20","New York Rangers","NYR","6","Toronto Maple Leafs","TOR","3",
"1982-11-21","Calgary Flames","CGY","1","Boston Bruins","BOS","2",
"1982-11-21","Detroit Red Wings","DET","0","Chicago Black Hawks","CBH","3",
"1982-11-21","Quebec Nordiques","QUE","9","Edmonton Oilers","EDM","7",
"1982-11-21","New York Islanders","NYI","3","New York Rangers","NYR","7",
"1982-11-21","St. Louis Blues","STL","1","Philadelphia Flyers","PHI","3",
"1982-11-21","Washington Capitals","WSH","3","Vancouver Canucks","VAN","5",
"1982-11-23","Washington Capitals","WSH","3","Calgary Flames","CGY","6",
"1982-11-23","Minnesota North Stars","MNS","8","New York Islanders","NYI","8",
"1982-11-23","Montreal Canadiens","MTL","1","St. Louis Blues","STL","1",
"1982-11-23","Quebec Nordiques","QUE","2","Vancouver Canucks","VAN","5",
"1982-11-24","Montreal Canadiens","MTL","4","Detroit Red Wings","DET","2",
"1982-11-24","Washington Capitals","WSH","3","Edmonton Oilers","EDM","3",
"1982-11-24","Buffalo Sabres","BUF","4","Hartford Whalers","HAR","2",
"1982-11-24","New Jersey Devils","NJD","0","Los Angeles Kings","LAK","3",
"1982-11-24","Minnesota North Stars","MNS","5","New York Rangers","NYR","8",
"1982-11-24","Boston Bruins","BOS","4","Philadelphia Flyers","PHI","4",
"1982-11-24","Toronto Maple Leafs","TOR","3","Pittsburgh Penguins","PIT","4",
"1982-11-24","Chicago Black Hawks","CBH","7","Winnipeg Jets","WIN","5",
"1982-11-25","New York Islanders","NYI","1","Boston Bruins","BOS","1",
"1982-11-25","Quebec Nordiques","QUE","3","Calgary Flames","CGY","2",
"1982-11-26","St. Louis Blues","STL","6","Buffalo Sabres","BUF","8",
"1982-11-26","Chicago Black Hawks","CBH","4","Hartford Whalers","HAR","3",
"1982-11-26","Pittsburgh Penguins","PIT","6","Minnesota North Stars","MNS","6",
"1982-11-26","New Jersey Devils","NJD","4","Vancouver Canucks","VAN","4",
"1982-11-26","Edmonton Oilers","EDM","6","Winnipeg Jets","WIN","5",
"1982-11-26","Toronto Maple Leafs","TOR","3","Washington Capitals","WSH","5",
"1982-11-27","Hartford Whalers","HAR","0","Boston Bruins","BOS","8",
"1982-11-27","New Jersey Devils","NJD","4","Calgary Flames","CGY","3",
"1982-11-27","Philadelphia Flyers","PHI","4","Los Angeles Kings","LAK","0",
"1982-11-27","Detroit Red Wings","DET","5","Montreal Canadiens","MTL","5",
"1982-11-27","New York Rangers","NYR","3","New York Islanders","NYI","0",
"1982-11-27","Chicago Black Hawks","CBH","3","Quebec Nordiques","QUE","1",
"1982-11-27","Pittsburgh Penguins","PIT","3","St. Louis Blues","STL","5",
"1982-11-27","Winnipeg Jets","WIN","6","Toronto Maple Leafs","TOR","3",
"1982-11-28","New York Rangers","NYR","3","Buffalo Sabres","BUF","7",
"1982-11-28","Edmonton Oilers","EDM","7","Detroit Red Wings","DET","5",
"1982-11-28","Philadelphia Flyers","PHI","5","Vancouver Canucks","VAN","5",
"1982-11-28","New York Islanders","NYI","3","Washington Capitals","WSH","3",
"1982-11-29","Calgary Flames","CGY","3","Minnesota North Stars","MNS","3",
"1982-11-29","Winnipeg Jets","WIN","4","Montreal Canadiens","MTL","9",
"1982-11-29","Chicago Black Hawks","CBH","3","New Jersey Devils","NJD","1",
"1982-11-30","Winnipeg Jets","WIN","6","Quebec Nordiques","QUE","8",
"1982-11-30","New York Islanders","NYI","3","St. Louis Blues","STL","2",
"1982-11-30","Los Angeles Kings","LAK","5","Vancouver Canucks","VAN","2",
"1982-12-01","Montreal Canadiens","MTL","2","Buffalo Sabres","BUF","2",
"1982-12-01","Minnesota North Stars","MNS","4","Detroit Red Wings","DET","1",
"1982-12-01","Philadelphia Flyers","PHI","4","Edmonton Oilers","EDM","2",
"1982-12-01","Calgary Flames","CGY","1","Los Angeles Kings","LAK","4",
"1982-12-01","Toronto Maple Leafs","TOR","3","New Jersey Devils","NJD","7",
"1982-12-01","Hartford Whalers","HAR","1","New York Rangers","NYR","6",
"1982-12-01","Chicago Black Hawks","CBH","4","Pittsburgh Penguins","PIT","2",
"1982-12-02","Quebec Nordiques","QUE","3","Boston Bruins","BOS","3",
"1982-12-02","Minnesota North Stars","MNS","6","St. Louis Blues","STL","3",
"1982-12-02","Pittsburgh Penguins","PIT","4","Washington Capitals","WSH","5",
"1982-12-03","Hartford Whalers","HAR","4","New Jersey Devils","NJD","5",
"1982-12-03","Calgary Flames","CGY","5","Vancouver Canucks","VAN","4",
"1982-12-03","New York Islanders","NYI","2","Winnipeg Jets","WIN","4",
"1982-12-04","New Jersey Devils","NJD","2","Detroit Red Wings","DET","6",
"1982-12-04","Calgary Flames","CGY","5","Edmonton Oilers","EDM","7",
"1982-12-04","New York Rangers","NYR","2","Hartford Whalers","HAR","5",
"1982-12-04","St. Louis Blues","STL","3","Los Angeles Kings","LAK","6",
"1982-12-04","Winnipeg Jets","WIN","1","Minnesota North Stars","MNS","4",
"1982-12-04","Boston Bruins","BOS","6","Montreal Canadiens","MTL","4",
"1982-12-04","Philadelphia Flyers","PHI","0","Pittsburgh Penguins","PIT","0",
"1982-12-04","Buffalo Sabres","BUF","2","Quebec Nordiques","QUE","3",
"1982-12-04","New York Islanders","NYI","1","Toronto Maple Leafs","TOR","4",
"1982-12-04","Chicago Black Hawks","CBH","2","Washington Capitals","WSH","4",
"1982-12-05","Philadelphia Flyers","PHI","4","Boston Bruins","BOS","6",
"1982-12-05","Chicago Black Hawks","CBH","3","Buffalo Sabres","BUF","3",
"1982-12-05","Los Angeles Kings","LAK","3","Edmonton Oilers","EDM","7",
"1982-12-05","Toronto Maple Leafs","TOR","5","New York Rangers","NYR","6",
"1982-12-05","St. Louis Blues","STL","3","Vancouver Canucks","VAN","6",
"1982-12-06","Hartford Whalers","HAR","2","Montreal Canadiens","MTL","11",
"1982-12-06","Winnipeg Jets","WIN","5","New Jersey Devils","NJD","3",
"1982-12-07","Los Angeles Kings","LAK","4","Calgary Flames","CGY","4",
"1982-12-07","St. Louis Blues","STL","2","Edmonton Oilers","EDM","3",
"1982-12-07","Toronto Maple Leafs","TOR","3","New York Islanders","NYI","6",
"1982-12-07","Boston Bruins","BOS","5","Quebec Nordiques","QUE","10",
"1982-12-07","Winnipeg Jets","WIN","3","Washington Capitals","WSH","3",
"1982-12-08","New York Rangers","NYR","2","Chicago Black Hawks","CBH","7",
"1982-12-08","New York Islanders","NYI","0","Detroit Red Wings","DET","2",
"1982-12-08","Montreal Canadiens","MTL","4","Hartford Whalers","HAR","7",
"1982-12-08","Buffalo Sabres","BUF","2","Pittsburgh Penguins","PIT","4",
"1982-12-08","Vancouver Canucks","VAN","7","Toronto Maple Leafs","TOR","3",
"1982-12-09","Montreal Canadiens","MTL","5","Boston Bruins","BOS","8",
"1982-12-09","St. Louis Blues","STL","7","Calgary Flames","CGY","2",
"1982-12-09","Edmonton Oilers","EDM","3","Los Angeles Kings","LAK","3",
"1982-12-09","Vancouver Canucks","VAN","6","Minnesota North Stars","MNS","9",
"1982-12-09","Washington Capitals","WSH","6","New Jersey Devils","NJD","4",
"1982-12-09","Quebec Nordiques","QUE","1","Philadelphia Flyers","PHI","4",
"1982-12-10","Calgary Flames","CGY","6","Winnipeg Jets","WIN","4",
"1982-12-10","New York Rangers","NYR","4","Washington Capitals","WSH","4",
"1982-12-11","Chicago Black Hawks","CBH","2","Boston Bruins","BOS","4",
"1982-12-11","Philadelphia Flyers","PHI","4","Hartford Whalers","HAR","7",
"1982-12-11","Edmonton Oilers","EDM","4","Minnesota North Stars","MNS","5",
"1982-12-11","Buffalo Sabres","BUF","2","Montreal Canadiens","MTL","3",
"1982-12-11","New Jersey Devils","NJD","1","New York Islanders","NYI","7",
"1982-12-11","Quebec Nordiques","QUE","7","Pittsburgh Penguins","PIT","4",
"1982-12-11","Vancouver Canucks","VAN","3","St. Louis Blues","STL","1",
"1982-12-11","Detroit Red Wings","DET","6","Toronto Maple Leafs","TOR","2",
"1982-12-11","Los Angeles Kings","LAK","3","Winnipeg Jets","WIN","4",
"1982-12-12","Hartford Whalers","HAR","3","Buffalo Sabres","BUF","1",
"1982-12-12","Quebec Nordiques","QUE","3","Chicago Black Hawks","CBH","7",
"1982-12-12","Calgary Flames","CGY","3","Detroit Red Wings","DET","7",
"1982-12-12","New Jersey Devils","NJD","0","New York Rangers","NYR","4",
"1982-12-12","Pittsburgh Penguins","PIT","3","Philadelphia Flyers","PHI","4",
"1982-12-12","Boston Bruins","BOS","3","Washington Capitals","WSH","4",
"1982-12-14","Hartford Whalers","HAR","3","Minnesota North Stars","MNS","3",
"1982-12-14","Buffalo Sabres","BUF","5","New York Islanders","NYI","3",
"1982-12-14","Toronto Maple Leafs","TOR","4","Quebec Nordiques","QUE","4",
"1982-12-14","Winnipeg Jets","WIN","4","St. Louis Blues","STL","3",
"1982-12-14","Los Angeles Kings","LAK","2","Washington Capitals","WSH","7",
"1982-12-15","Winnipeg Jets","WIN","3","Chicago Black Hawks","CBH","10",
"1982-12-15","Los Angeles Kings","LAK","1","New York Rangers","NYR","7",
"1982-12-15","Detroit Red Wings","DET","4","Pittsburgh Penguins","PIT","4",
"1982-12-15","St. Louis Blues","STL","4","Toronto Maple Leafs","TOR","2",
"1982-12-15","Montreal Canadiens","MTL","3","Vancouver Canucks","VAN","2",
"1982-12-16","Buffalo Sabres","BUF","1","Boston Bruins","BOS","8",
"1982-12-16","Vancouver Canucks","VAN","3","Calgary Flames","CGY","2",
"1982-12-16","Washington Capitals","WSH","4","Minnesota North Stars","MNS","4",
"1982-12-16","Detroit Red Wings","DET","2","Philadelphia Flyers","PHI","7",
"1982-12-17","New Jersey Devils","NJD","4","Edmonton Oilers","EDM","10",
"1982-12-17","New York Islanders","NYI","5","New York Rangers","NYR","2",
"1982-12-17","Hartford Whalers","HAR","2","Winnipeg Jets","WIN","0",
"1982-12-18","Los Angeles Kings","LAK","0","Boston Bruins","BOS","4",
"1982-12-18","Montreal Canadiens","MTL","5","Calgary Flames","CGY","4",
"1982-12-18","New York Rangers","NYR","3","Detroit Red Wings","DET","3",
"1982-12-18","Philadelphia Flyers","PHI","4","New York Islanders","NYI","4",
"1982-12-18","Washington Capitals","WSH","3","Pittsburgh Penguins","PIT","1",
"1982-12-18","Buffalo Sabres","BUF","5","Quebec Nordiques","QUE","4",
"1982-12-18","Hartford Whalers","HAR","4","St. Louis Blues","STL","7",
"1982-12-18","Chicago Black Hawks","CBH","8","Toronto Maple Leafs","TOR","5",
"1982-12-18","Minnesota North Stars","MNS","3","Vancouver Canucks","VAN","3",
"1982-12-19","Quebec Nordiques","QUE","1","Buffalo Sabres","BUF","3",
"1982-12-19","Los Angeles Kings","LAK","4","Chicago Black Hawks","CBH","6",
"1982-12-19","Montreal Canadiens","MTL","2","Edmonton Oilers","EDM","5",
"1982-12-19","Washington Capitals","WSH","3","Philadelphia Flyers","PHI","1",
"1982-12-19","New Jersey Devils","NJD","3","Winnipeg Jets","WIN","2",
"1982-12-20","Pittsburgh Penguins","PIT","3","New York Rangers","NYR","6",
"1982-12-21","Minnesota North Stars","MNS","4","Calgary Flames","CGY","6",
"1982-12-21","St. Louis Blues","STL","5","Detroit Red Wings","DET","5",
"1982-12-21","Pittsburgh Penguins","PIT","3","Hartford Whalers","HAR","2",
"1982-12-21","Winnipeg Jets","WIN","4","Los Angeles Kings","LAK","2",
"1982-12-21","New York Islanders","NYI","3","Quebec Nordiques","QUE","3",
"1982-12-22","Toronto Maple Leafs","TOR","3","Chicago Black Hawks","CBH","4",
"1982-12-22","Minnesota North Stars","MNS","2","Edmonton Oilers","EDM","8",
"1982-12-22","Philadelphia Flyers","PHI","3","New Jersey Devils","NJD","1",
"1982-12-22","Buffalo Sabres","BUF","3","New York Rangers","NYR","1",
"1982-12-23","Pittsburgh Penguins","PIT","4","Detroit Red Wings","DET","6",
"1982-12-23","Boston Bruins","BOS","5","Hartford Whalers","HAR","1",
"1982-12-23","Edmonton Oilers","EDM","6","Los Angeles Kings","LAK","2",
"1982-12-23","Washington Capitals","WSH","5","New York Islanders","NYI","1",
"1982-12-23","Montreal Canadiens","MTL","3","Quebec Nordiques","QUE","6",
"1982-12-23","Toronto Maple Leafs","TOR","3","St. Louis Blues","STL","7",
"1982-12-23","Calgary Flames","CGY","6","Vancouver Canucks","VAN","3",
"1982-12-26","New Jersey Devils","NJD","2","Boston Bruins","BOS","5",
"1982-12-26","Detroit Red Wings","DET","2","Buffalo Sabres","BUF","2",
"1982-12-26","St. Louis Blues","STL","4","Chicago Black Hawks","CBH","7",
"1982-12-26","Edmonton Oilers","EDM","4","Calgary Flames","CGY","4",
"1982-12-26","New York Islanders","NYI","3","Hartford Whalers","HAR","2",
"1982-12-26","Vancouver Canucks","VAN","2","Los Angeles Kings","LAK","4",
"1982-12-26","Quebec Nordiques","QUE","4","Montreal Canadiens","MTL","4",
"1982-12-26","New York Rangers","NYR","3","Pittsburgh Penguins","PIT","4",
"1982-12-26","Minnesota North Stars","MNS","3","Winnipeg Jets","WIN","2",
"1982-12-26","Philadelphia Flyers","PHI","6","Washington Capitals","WSH","3",
"1982-12-27","Philadelphia Flyers","PHI","8","Detroit Red Wings","DET","4",
"1982-12-28","Chicago Black Hawks","CBH","2","Calgary Flames","CGY","3",
"1982-12-28","Toronto Maple Leafs","TOR","4","Montreal Canadiens","MTL","4",
"1982-12-28","Hartford Whalers","HAR","1","Quebec Nordiques","QUE","4",
"1982-12-28","Boston Bruins","BOS","3","St. Louis Blues","STL","0",
"1982-12-28","Winnipeg Jets","WIN","4","Vancouver Canucks","VAN","4",
"1982-12-28","Pittsburgh Penguins","PIT","3","Washington Capitals","WSH","6",
"1982-12-29","Chicago Black Hawks","CBH","8","Edmonton Oilers","EDM","6",
"1982-12-29","Winnipeg Jets","WIN","4","Los Angeles Kings","LAK","3",
"1982-12-29","Detroit Red Wings","DET","5","Minnesota North Stars","MNS","5",
"1982-12-29","St. Louis Blues","STL","6","Pittsburgh Penguins","PIT","5",
"1982-12-29","Montreal Canadiens","MTL","5","Toronto Maple Leafs","TOR","6",
"1982-12-30","Philadelphia Flyers","PHI","6","Calgary Flames","CGY","3",
"1982-12-30","Washington Capitals","WSH","4","Hartford Whalers","HAR","4",
"1982-12-30","New York Rangers","NYR","5","New Jersey Devils","NJD","2",
"1982-12-31","New York Islanders","NYI","1","Buffalo Sabres","BUF","5",
"1982-12-31","Chicago Black Hawks","CBH","1","Detroit Red Wings","DET","4",
"1982-12-31","Boston Bruins","BOS","5","Minnesota North Stars","MNS","3",
"1982-12-31","Edmonton Oilers","EDM","8","Vancouver Canucks","VAN","1",
"1983-01-01","Winnipeg Jets","WIN","3","Edmonton Oilers","EDM","5",
"1983-01-01","New York Islanders","NYI","1","Pittsburgh Penguins","PIT","2",
"1983-01-01","Philadelphia Flyers","PHI","4","St. Louis Blues","STL","1",
"1983-01-01","Hartford Whalers","HAR","5","Toronto Maple Leafs","TOR","7",
"1983-01-01","New York Rangers","NYR","7","Washington Capitals","WSH","2",
"1983-01-02","Hartford Whalers","HAR","4","Buffalo Sabres","BUF","8",
"1983-01-02","Philadelphia Flyers","PHI","3","Chicago Black Hawks","CBH","1",
"1983-01-02","Pittsburgh Penguins","PIT","1","Montreal Canadiens","MTL","5",
"1983-01-02","Vancouver Canucks","VAN","1","New Jersey Devils","NJD","3",
"1983-01-02","Washington Capitals","WSH","7","Quebec Nordiques","QUE","4",
"1983-01-02","Detroit Red Wings","DET","3","Toronto Maple Leafs","TOR","6",
"1983-01-02","Boston Bruins","BOS","4","Winnipeg Jets","WIN","6",
"1983-01-03","Detroit Red Wings","DET","2","New York Rangers","NYR","6",
"1983-01-04","Edmonton Oilers","EDM","6","Calgary Flames","CGY","3",
"1983-01-04","Buffalo Sabres","BUF","2","New York Islanders","NYI","5",
"1983-01-04","Vancouver Canucks","VAN","1","Philadelphia Flyers","PHI","4",
"1983-01-04","Montreal Canadiens","MTL","1","Quebec Nordiques","QUE","3",
"1983-01-04","Chicago Black Hawks","CBH","4","St. Louis Blues","STL","2",
"1983-01-05","Boston Bruins","BOS","4","Chicago Black Hawks","CBH","1",
"1983-01-05","Washington Capitals","WSH","5","Detroit Red Wings","DET","2",
"1983-01-05","St. Louis Blues","STL","3","Minnesota North Stars","MNS","3",
"1983-01-05","Toronto Maple Leafs","TOR","4","New Jersey Devils","NJD","4",
"1983-01-05","Buffalo Sabres","BUF","3","New York Rangers","NYR","3",
"1983-01-05","Edmonton Oilers","EDM","8","Winnipeg Jets","WIN","3",
"1983-01-06","Winnipeg Jets","WIN","1","Calgary Flames","CGY","5",
"1983-01-06","Vancouver Canucks","VAN","6","Hartford Whalers","HAR","4",
"1983-01-06","Los Angeles Kings","LAK","3","Montreal Canadiens","MTL","11",
"1983-01-06","Toronto Maple Leafs","TOR","3","Washington Capitals","WSH","1",
"1983-01-07","Vancouver Canucks","VAN","5","Buffalo Sabres","BUF","5",
"1983-01-07","Pittsburgh Penguins","PIT","2","Edmonton Oilers","EDM","7",
"1983-01-07","Boston Bruins","BOS","2","New Jersey Devils","NJD","2",
"1983-01-07","Quebec Nordiques","QUE","1","New York Rangers","NYR","5",
"1983-01-08","Detroit Red Wings","DET","2","Calgary Flames","CGY","5",
"1983-01-08","Philadelphia Flyers","PHI","7","Hartford Whalers","HAR","4",
"1983-01-08","Chicago Black Hawks","CBH","1","Minnesota North Stars","MNS","4",
"1983-01-08","Boston Bruins","BOS","2","Montreal Canadiens","MTL","1",
"1983-01-08","Quebec Nordiques","QUE","1","New York Islanders","NYI","6",
"1983-01-08","Washington Capitals","WSH","3","St. Louis Blues","STL","3",
"1983-01-08","Los Angeles Kings","LAK","5","Toronto Maple Leafs","TOR","7",
"1983-01-09","Los Angeles Kings","LAK","2","Buffalo Sabres","BUF","7",
"1983-01-09","Minnesota North Stars","MNS","3","Chicago Black Hawks","CBH","6",
"1983-01-09","Detroit Red Wings","DET","4","Edmonton Oilers","EDM","3",
"1983-01-09","New Jersey Devils","NJD","3","New York Rangers","NYR","4",
"1983-01-09","Hartford Whalers","HAR","4","Philadelphia Flyers","PHI","8",
"1983-01-09","Pittsburgh Penguins","PIT","3","Winnipeg Jets","WIN","4",
"1983-01-10","Quebec Nordiques","QUE","2","New Jersey Devils","NJD","6",
"1983-01-11","Hartford Whalers","HAR","4","Montreal Canadiens","MTL","8",
"1983-01-11","Winnipeg Jets","WIN","1","New York Islanders","NYI","4",
"1983-01-11","Edmonton Oilers","EDM","7","St. Louis Blues","STL","5",
"1983-01-11","Los Angeles Kings","LAK","9","Washington Capitals","WSH","7",
"1983-01-12","Quebec Nordiques","QUE","1","Buffalo Sabres","BUF","2",
"1983-01-12","Edmonton Oilers","EDM","10","Chicago Black Hawks","CBH","4",
"1983-01-12","Winnipeg Jets","WIN","5","New York Rangers","NYR","5",
"1983-01-12","Minnesota North Stars","MNS","7","Pittsburgh Penguins","PIT","0",
"1983-01-12","Boston Bruins","BOS","6","Toronto Maple Leafs","TOR","4",
"1983-01-12","Calgary Flames","CGY","6","Vancouver Canucks","VAN","4",
"1983-01-13","Quebec Nordiques","QUE","0","Boston Bruins","BOS","2",
"1983-01-13","Vancouver Canucks","VAN","2","Calgary Flames","CGY","5",
"1983-01-13","Los Angeles Kings","LAK","4","Detroit Red Wings","DET","4",
"1983-01-13","Montreal Canadiens","MTL","2","Hartford Whalers","HAR","4",
"1983-01-13","Toronto Maple Leafs","TOR","1","Minnesota North Stars","MNS","2",
"1983-01-13","New York Islanders","NYI","5","New Jersey Devils","NJD","2",
"1983-01-13","Pittsburgh Penguins","PIT","1","Philadelphia Flyers","PHI","8",
"1983-01-14","Washington Capitals","WSH","2","Buffalo Sabres","BUF","3",
"1983-01-14","St. Louis Blues","STL","4","Winnipeg Jets","WIN","2",
"1983-01-15","New York Rangers","NYR","0","Boston Bruins","BOS","2",
"1983-01-15","Toronto Maple Leafs","TOR","3","Detroit Red Wings","DET","4",
"1983-01-15","New Jersey Devils","NJD","1","Hartford Whalers","HAR","2",
"1983-01-15","Edmonton Oilers","EDM","10","Minnesota North Stars","MNS","4",
"1983-01-15","Los Angeles Kings","LAK","2","New York Islanders","NYI","5",
"1983-01-15","Chicago Black Hawks","CBH","4","Philadelphia Flyers","PHI","4",
"1983-01-15","Montreal Canadiens","MTL","8","Pittsburgh Penguins","PIT","7",
"1983-01-15","Calgary Flames","CGY","2","Quebec Nordiques","QUE","7",
"1983-01-15","Buffalo Sabres","BUF","4","Washington Capitals","WSH","2",
"1983-01-16","Detroit Red Wings","DET","2","Chicago Black Hawks","CBH","4",
"1983-01-16","Los Angeles Kings","LAK","3","New Jersey Devils","NJD","5",
"1983-01-16","Philadelphia Flyers","PHI","4","New York Rangers","NYR","0",
"1983-01-16","Winnipeg Jets","WIN","4","Vancouver Canucks","VAN","6",
"1983-01-17","Minnesota North Stars","MNS","3","Boston Bruins","BOS","4",
"1983-01-17","St. Louis Blues","STL","4","Toronto Maple Leafs","TOR","4",
"1983-01-18","Edmonton Oilers","EDM","3","Los Angeles Kings","LAK","3",
"1983-01-18","Calgary Flames","CGY","2","Montreal Canadiens","MTL","7",
"1983-01-18","Hartford Whalers","HAR","1","New York Islanders","NYI","8",
"1983-01-18","St. Louis Blues","STL","1","Quebec Nordiques","QUE","3",
"1983-01-18","New York Rangers","NYR","3","Vancouver Canucks","VAN","3",
"1983-01-18","Philadelphia Flyers","PHI","1","Washington Capitals","WSH","4",
"1983-01-19","Washington Capitals","WSH","6","Chicago Black Hawks","CBH","4",
"1983-01-19","Vancouver Canucks","VAN","4","Edmonton Oilers","EDM","9",
"1983-01-19","Detroit Red Wings","DET","2","Minnesota North Stars","MNS","3",
"1983-01-19","New Jersey Devils","NJD","1","Pittsburgh Penguins","PIT","1",
"1983-01-19","Toronto Maple Leafs","TOR","3","Winnipeg Jets","WIN","6",
"1983-01-20","Buffalo Sabres","BUF","0","Boston Bruins","BOS","4",
"1983-01-20","Hartford Whalers","HAR","3","Los Angeles Kings","LAK","4",
"1983-01-20","New York Islanders","NYI","4","Montreal Canadiens","MTL","4",
"1983-01-20","St. Louis Blues","STL","3","New Jersey Devils","NJD","3",
"1983-01-20","Calgary Flames","CGY","2","Philadelphia Flyers","PHI","5",
"1983-01-21","New York Rangers","NYR","1","Winnipeg Jets","WIN","4",
"1983-01-21","Quebec Nordiques","QUE","5","Washington Capitals","WSH","4",
"1983-01-22","Boston Bruins","BOS","3","Detroit Red Wings","DET","1",
"1983-01-22","Hartford Whalers","HAR","2","Minnesota North Stars","MNS","7",
"1983-01-22","Buffalo Sabres","BUF","1","Montreal Canadiens","MTL","4",
"1983-01-22","Philadelphia Flyers","PHI","1","New York Islanders","NYI","0",
"1983-01-22","Quebec Nordiques","QUE","7","Pittsburgh Penguins","PIT","3",
"1983-01-22","Calgary Flames","CGY","7","St. Louis Blues","STL","6",
"1983-01-22","Chicago Black Hawks","CBH","3","Toronto Maple Leafs","TOR","2",
"1983-01-22","Edmonton Oilers","EDM","3","Vancouver Canucks","VAN","4",
"1983-01-23","Winnipeg Jets","WIN","2","Buffalo Sabres","BUF","5",
"1983-01-23","Hartford Whalers","HAR","2","Chicago Black Hawks","CBH","4",
"1983-01-23","Los Angeles Kings","LAK","6","Edmonton Oilers","EDM","8",
"1983-01-23","New York Rangers","NYR","1","Philadelphia Flyers","PHI","3",
"1983-01-23","New Jersey Devils","NJD","1","Washington Capitals","WSH","3",
"1983-01-24","Boston Bruins","BOS","3","New York Rangers","NYR","1",
"1983-01-24","Pittsburgh Penguins","PIT","2","Toronto Maple Leafs","TOR","8",
"1983-01-25","Vancouver Canucks","VAN","2","Detroit Red Wings","DET","6",
"1983-01-25","Calgary Flames","CGY","8","Los Angeles Kings","LAK","6",
"1983-01-25","New Jersey Devils","NJD","1","Philadelphia Flyers","PHI","5",
"1983-01-25","Winnipeg Jets","WIN","3","Quebec Nordiques","QUE","6",
"1983-01-25","Minnesota North Stars","MNS","4","St. Louis Blues","STL","4",
"1983-01-26","Montreal Canadiens","MTL","3","Buffalo Sabres","BUF","7",
"1983-01-26","Vancouver Canucks","VAN","5","Chicago Black Hawks","CBH","1",
"1983-01-26","Toronto Maple Leafs","TOR","6","Edmonton Oilers","EDM","6",
"1983-01-26","Washington Capitals","WSH","6","Pittsburgh Penguins","PIT","2",
"1983-01-27","Toronto Maple Leafs","TOR","1","Calgary Flames","CGY","3",
"1983-01-27","Quebec Nordiques","QUE","2","Hartford Whalers","HAR","5",
"1983-01-27","New York Islanders","NYI","6","Los Angeles Kings","LAK","4",
"1983-01-27","St. Louis Blues","STL","3","Minnesota North Stars","MNS","3",
"1983-01-27","Montreal Canadiens","MTL","4","New York Rangers","NYR","1",
"1983-01-27","Winnipeg Jets","WIN","2","Philadelphia Flyers","PHI","5",
"1983-01-28","Chicago Black Hawks","CBH","2","Buffalo Sabres","BUF","6",
"1983-01-28","Pittsburgh Penguins","PIT","2","Washington Capitals","WSH","7",
"1983-01-29","Detroit Red Wings","DET","3","Boston Bruins","BOS","7",
"1983-01-29","Calgary Flames","CGY","4","Edmonton Oilers","EDM","5",
"1983-01-29","Winnipeg Jets","WIN","2","Hartford Whalers","HAR","2",
"1983-01-29","Philadelphia Flyers","PHI","2","Minnesota North Stars","MNS","2",
"1983-01-29","Washington Capitals","WSH","3","Montreal Canadiens","MTL","3",
"1983-01-29","New York Rangers","NYR","2","Pittsburgh Penguins","PIT","1",
"1983-01-29","New Jersey Devils","NJD","4","Quebec Nordiques","QUE","6",
"1983-01-29","Los Angeles Kings","LAK","2","St. Louis Blues","STL","4",
"1983-01-29","Buffalo Sabres","BUF","3","Toronto Maple Leafs","TOR","5",
"1983-01-29","New York Islanders","NYI","5","Vancouver Canucks","VAN","3",
"1983-01-30","New York Islanders","NYI","4","Edmonton Oilers","EDM","2",
"1983-01-30","Chicago Black Hawks","CBH","5","New York Rangers","NYR","4",
"1983-01-31","Winnipeg Jets","WIN","2","Boston Bruins","BOS","2",
"1983-01-31","Pittsburgh Penguins","PIT","2","New Jersey Devils","NJD","3",
"1983-01-31","Minnesota North Stars","MNS","4","Toronto Maple Leafs","TOR","2",
"1983-02-01","New York Islanders","NYI","2","Calgary Flames","CGY","2",
"1983-02-01","New York Rangers","NYR","5","Los Angeles Kings","LAK","5",
"1983-02-01","Hartford Whalers","HAR","3","Quebec Nordiques","QUE","12",
"1983-02-01","Chicago Black Hawks","CBH","5","St. Louis Blues","STL","0",
"1983-02-01","Montreal Canadiens","MTL","7","Vancouver Canucks","VAN","3",
"1983-02-01","Detroit Red Wings","DET","2","Washington Capitals","WSH","5",
"1983-02-02","Minnesota North Stars","MNS","2","Buffalo Sabres","BUF","2",
"1983-02-02","Pittsburgh Penguins","PIT","4","Chicago Black Hawks","CBH","7",
"1983-02-02","St. Louis Blues","STL","4","Detroit Red Wings","DET","3",
"1983-02-02","Hartford Whalers","HAR","1","Toronto Maple Leafs","TOR","7",
"1983-02-02","Philadelphia Flyers","PHI","6","Winnipeg Jets","WIN","3",
"1983-02-03","Quebec Nordiques","QUE","3","Boston Bruins","BOS","5",
"1983-02-03","Montreal Canadiens","MTL","3","Calgary Flames","CGY","7",
"1983-02-03","Los Angeles Kings","LAK","7","Edmonton Oilers","EDM","4",
"1983-02-03","New York Islanders","NYI","7","New Jersey Devils","NJD","2",
"1983-02-03","Minnesota North Stars","MNS","1","Washington Capitals","WSH","3",
"1983-02-04","Montreal Canadiens","MTL","3","Edmonton Oilers","EDM","7",
"1983-02-04","Pittsburgh Penguins","PIT","4","Winnipeg Jets","WIN","6",
"1983-02-05","Hartford Whalers","HAR","4","Boston Bruins","BOS","7",
"1983-02-05","Pittsburgh Penguins","PIT","4","Calgary Flames","CGY","7",
"1983-02-05","Chicago Black Hawks","CBH","4","Detroit Red Wings","DET","3",
"1983-02-05","Philadelphia Flyers","PHI","2","Los Angeles Kings","LAK","0",
"1983-02-05","Minnesota North Stars","MNS","4","New York Islanders","NYI","2",
"1983-02-05","Buffalo Sabres","BUF","0","Quebec Nordiques","QUE","0",
"1983-02-05","New York Rangers","NYR","2","St. Louis Blues","STL","2",
"1983-02-05","Vancouver Canucks","VAN","4","Toronto Maple Leafs","TOR","6",
"1983-02-05","New Jersey Devils","NJD","4","Washington Capitals","WSH","5",
"1983-02-06","Boston Bruins","BOS","5","Buffalo Sabres","BUF","1",
"1983-02-06","New York Rangers","NYR","1","Chicago Black Hawks","CBH","4",
"1983-02-06","Toronto Maple Leafs","TOR","0","Detroit Red Wings","DET","3",
"1983-02-06","Vancouver Canucks","VAN","4","New Jersey Devils","NJD","4",
"1983-02-06","Washington Capitals","WSH","4","Quebec Nordiques","QUE","4",
"1983-02-06","Montreal Canadiens","MTL","2","Winnipeg Jets","WIN","0",
"1983-02-09","New Jersey Devils","NJD","4","Chicago Black Hawks","CBH","5",
"1983-02-09","Detroit Red Wings","DET","6","Hartford Whalers","HAR","5",
"1983-02-09","Vancouver Canucks","VAN","6","Pittsburgh Penguins","PIT","2",
"1983-02-10","Pittsburgh Penguins","PIT","3","Boston Bruins","BOS","7",
"1983-02-10","Quebec Nordiques","QUE","3","Calgary Flames","CGY","3",
"1983-02-10","Buffalo Sabres","BUF","2","Los Angeles Kings","LAK","7",
"1983-02-10","New York Rangers","NYR","5","Minnesota North Stars","MNS","7",
"1983-02-10","Winnipeg Jets","WIN","3","Montreal Canadiens","MTL","5",
"1983-02-10","Washington Capitals","WSH","3","New York Islanders","NYI","8",
"1983-02-10","St. Louis Blues","STL","2","Philadelphia Flyers","PHI","5",
"1983-02-11","Quebec Nordiques","QUE","3","Edmonton Oilers","EDM","7",
"1983-02-12","Buffalo Sabres","BUF","2","Calgary Flames","CGY","4",
"1983-02-12","Winnipeg Jets","WIN","4","Detroit Red Wings","DET","2",
"1983-02-12","Chicago Black Hawks","CBH","4","Minnesota North Stars","MNS","5",
"1983-02-12","New York Rangers","NYR","3","Montreal Canadiens","MTL","2",
"1983-02-12","Hartford Whalers","HAR","4","New York Islanders","NYI","2",
"1983-02-12","Los Angeles Kings","LAK","4","Pittsburgh Penguins","PIT","6",
"1983-02-12","New Jersey Devils","NJD","1","St. Louis Blues","STL","5",
"1983-02-13","Vancouver Canucks","VAN","1","Boston Bruins","BOS","3",
"1983-02-13","Quebec Nordiques","QUE","5","Chicago Black Hawks","CBH","4",
"1983-02-13","Toronto Maple Leafs","TOR","3","Hartford Whalers","HAR","5",
"1983-02-13","Los Angeles Kings","LAK","5","Philadelphia Flyers","PHI","4",
"1983-02-13","Winnipeg Jets","WIN","1","Washington Capitals","WSH","6",
"1983-02-14","Edmonton Oilers","EDM","2","Montreal Canadiens","MTL","4",
"1983-02-14","Buffalo Sabres","BUF","4","St. Louis Blues","STL","6",
"1983-02-15","Los Angeles Kings","LAK","5","Hartford Whalers","HAR","2",
"1983-02-15","Minnesota North Stars","MNS","3","New Jersey Devils","NJD","2",
"1983-02-15","Detroit Red Wings","DET","7","Pittsburgh Penguins","PIT","3",
"1983-02-15","New York Islanders","NYI","1","Quebec Nordiques","QUE","4",
"1983-02-15","Vancouver Canucks","VAN","4","Winnipeg Jets","WIN","7",
"1983-02-16","Boston Bruins","BOS","1","Buffalo Sabres","BUF","3",
"1983-02-16","Calgary Flames","CGY","3","Chicago Black Hawks","CBH","5",
"1983-02-16","Washington Capitals","WSH","4","New York Rangers","NYR","5",
"1983-02-16","St. Louis Blues","STL","3","Toronto Maple Leafs","TOR","6",
"1983-02-17","Los Angeles Kings","LAK","5","Detroit Red Wings","DET","5",
"1983-02-17","Montreal Canadiens","MTL","1","Hartford Whalers","HAR","4",
"1983-02-17","Quebec Nordiques","QUE","3","Minnesota North Stars","MNS","6",
"1983-02-17","Pittsburgh Penguins","PIT","1","New York Islanders","NYI","4",
"1983-02-17","Edmonton Oilers","EDM","3","Philadelphia Flyers","PHI","7",
"1983-02-17","Toronto Maple Leafs","TOR","6","St. Louis Blues","STL","3",
"1983-02-18","Calgary Flames","CGY","1","Buffalo Sabres","BUF","5",
"1983-02-18","Washington Capitals","WSH","2","Vancouver Canucks","VAN","1",
"1983-02-18","Boston Bruins","BOS","5","Winnipeg Jets","WIN","6",
"1983-02-19","Chicago Black Hawks","CBH","4","Hartford Whalers","HAR","2",
"1983-02-19","Washington Capitals","WSH","3","Los Angeles Kings","LAK","3",
"1983-02-19","Boston Bruins","BOS","6","Minnesota North Stars","MNS","2",
"1983-02-19","Montreal Canadiens","MTL","0","New York Islanders","NYI","5",
"1983-02-19","New York Rangers","NYR","5","Philadelphia Flyers","PHI","8",
"1983-02-19","Edmonton Oilers","EDM","10","Pittsburgh Penguins","PIT","7",
"1983-02-19","Quebec Nordiques","QUE","4","St. Louis Blues","STL","4",
"1983-02-19","Calgary Flames","CGY","3","Toronto Maple Leafs","TOR","5",
"1983-02-20","Edmonton Oilers","EDM","5","Buffalo Sabres","BUF","4",
"1983-02-20","Hartford Whalers","HAR","2","Detroit Red Wings","DET","7",
"1983-02-20","Winnipeg Jets","WIN","4","New York Rangers","NYR","9",
"1983-02-20","New Jersey Devils","NJD","0","Philadelphia Flyers","PHI","3",
"1983-02-20","Los Angeles Kings","LAK","2","Vancouver Canucks","VAN","5",
"1983-02-21","Buffalo Sabres","BUF","4","New Jersey Devils","NJD","4",
"1983-02-21","Pittsburgh Penguins","PIT","2","Toronto Maple Leafs","TOR","4",
"1983-02-22","Edmonton Oilers","EDM","1","Calgary Flames","CGY","4",
"1983-02-22","Minnesota North Stars","MNS","3","Detroit Red Wings","DET","2",
"1983-02-22","Boston Bruins","BOS","3","Los Angeles Kings","LAK","5",
"1983-02-22","Quebec Nordiques","QUE","1","Montreal Canadiens","MTL","6",
"1983-02-22","Winnipeg Jets","WIN","2","New York Islanders","NYI","2",
"1983-02-22","St. Louis Blues","STL","3","Vancouver Canucks","VAN","6",
"1983-02-23","Philadelphia Flyers","PHI","2","Buffalo Sabres","BUF","4",
"1983-02-23","New York Islanders","NYI","4","Chicago Black Hawks","CBH","4",
"1983-02-23","Washington Capitals","WSH","3","Edmonton Oilers","EDM","6",
"1983-02-23","Toronto Maple Leafs","TOR","3","Minnesota North Stars","MNS","2",
"1983-02-23","Hartford Whalers","HAR","3","New York Rangers","NYR","11",
"1983-02-23","Winnipeg Jets","WIN","4","Pittsburgh Penguins","PIT","6",
"1983-02-24","Washington Capitals","WSH","4","Calgary Flames","CGY","2",
"1983-02-24","Vancouver Canucks","VAN","0","Los Angeles Kings","LAK","8",
"1983-02-24","Detroit Red Wings","DET","1","New Jersey Devils","NJD","4",
"1983-02-24","Pittsburgh Penguins","PIT","3","Philadelphia Flyers","PHI","6",
"1983-02-24","Montreal Canadiens","MTL","6","Quebec Nordiques","QUE","3",
"1983-02-25","Boston Bruins","BOS","6","Buffalo Sabres","BUF","7",
"1983-02-25","St. Louis Blues","STL","5","Edmonton Oilers","EDM","5",
"1983-02-25","Toronto Maple Leafs","TOR","4","Vancouver Canucks","VAN","1",
"1983-02-25","Hartford Whalers","HAR","3","Winnipeg Jets","WIN","5",
"1983-02-26","St. Louis Blues","STL","2","Calgary Flames","CGY","7",
"1983-02-26","Toronto Maple Leafs","TOR","2","Los Angeles Kings","LAK","6",
"1983-02-26","Chicago Black Hawks","CBH","4","Minnesota North Stars","MNS","4",
"1983-02-26","Washington Capitals","WSH","1","Montreal Canadiens","MTL","4",
"1983-02-26","Detroit Red Wings","DET","5","New York Islanders","NYI","3",
"1983-02-26","New Jersey Devils","NJD","4","Pittsburgh Penguins","PIT","5",
"1983-02-26","New York Rangers","NYR","3","Quebec Nordiques","QUE","6",
"1983-02-27","New Jersey Devils","NJD","2","Buffalo Sabres","BUF","6",
"1983-02-27","Minnesota North Stars","MNS","2","Chicago Black Hawks","CBH","1",
"1983-02-27","Montreal Canadiens","MTL","4","Detroit Red Wings","DET","4",
"1983-02-27","Winnipeg Jets","WIN","0","Edmonton Oilers","EDM","3",
"1983-02-27","Boston Bruins","BOS","4","Hartford Whalers","HAR","3",
"1983-02-27","New York Islanders","NYI","0","Philadelphia Flyers","PHI","2",
"1983-02-27","Calgary Flames","CGY","2","Vancouver Canucks","VAN","6",
"1983-02-28","Toronto Maple Leafs","TOR","3","Boston Bruins","BOS","6",
"1983-02-28","Pittsburgh Penguins","PIT","3","New York Rangers","NYR","9",
"1983-03-01","Vancouver Canucks","VAN","1","Calgary Flames","CGY","8",
"1983-03-01","Buffalo Sabres","BUF","6","Hartford Whalers","HAR","5",
"1983-03-01","New York Islanders","NYI","3","Montreal Canadiens","MTL","3",
"1983-03-01","Edmonton Oilers","EDM","4","New Jersey Devils","NJD","3",
"1983-03-01","New York Rangers","NYR","3","Pittsburgh Penguins","PIT","3",
"1983-03-01","Detroit Red Wings","DET","5","Quebec Nordiques","QUE","5",
"1983-03-01","Los Angeles Kings","LAK","2","St. Louis Blues","STL","7",
"1983-03-02","Los Angeles Kings","LAK","3","Chicago Black Hawks","CBH","5",
"1983-03-02","St. Louis Blues","STL","4","Minnesota North Stars","MNS","4",
"1983-03-02","Philadelphia Flyers","PHI","2","Toronto Maple Leafs","TOR","2",
"1983-03-02","Vancouver Canucks","VAN","3","Winnipeg Jets","WIN","0",
"1983-03-02","Edmonton Oilers","EDM","5","Washington Capitals","WSH","3",
"1983-03-03","Buffalo Sabres","BUF","3","Boston Bruins","BOS","2",
"1983-03-03","Quebec Nordiques","QUE","3","Detroit Red Wings","DET","5",
"1983-03-03","Philadelphia Flyers","PHI","4","New Jersey Devils","NJD","1",
"1983-03-03","Toronto Maple Leafs","TOR","1","New York Islanders","NYI","5",
"1983-03-03","Washington Capitals","WSH","4","New York Rangers","NYR","3",
"1983-03-04","Pittsburgh Penguins","PIT","2","Buffalo Sabres","BUF","10",
"1983-03-05","Chicago Black Hawks","CBH","3","Boston Bruins","BOS","6",
"1983-03-05","Los Angeles Kings","LAK","4","Calgary Flames","CGY","4",
"1983-03-05","Minnesota North Stars","MNS","4","Detroit Red Wings","DET","1",
"1983-03-05","New Jersey Devils","NJD","1","New York Islanders","NYI","5",
"1983-03-05","Hartford Whalers","HAR","3","Quebec Nordiques","QUE","10",
"1983-03-05","Montreal Canadiens","MTL","6","St. Louis Blues","STL","5",
"1983-03-05","Edmonton Oilers","EDM","6","Toronto Maple Leafs","TOR","3",
"1983-03-05","Winnipeg Jets","WIN","4","Vancouver Canucks","VAN","5",
"1983-03-05","Philadelphia Flyers","PHI","3","Washington Capitals","WSH","4",
"1983-03-06","Edmonton Oilers","EDM","2","Boston Bruins","BOS","5",
"1983-03-06","Detroit Red Wings","DET","4","Buffalo Sabres","BUF","6",
"1983-03-06","Montreal Canadiens","MTL","4","Chicago Black Hawks","CBH","5",
"1983-03-06","Quebec Nordiques","QUE","7","Hartford Whalers","HAR","3",
"1983-03-06","Los Angeles Kings","LAK","3","Minnesota North Stars","MNS","8",
"1983-03-06","New Jersey Devils","NJD","6","New York Rangers","NYR","4",
"1983-03-06","Philadelphia Flyers","PHI","5","Pittsburgh Penguins","PIT","3",
"1983-03-06","Winnipeg Jets","WIN","2","Vancouver Canucks","VAN","6",
"1983-03-08","Edmonton Oilers","EDM","9","Hartford Whalers","HAR","4",
"1983-03-08","Calgary Flames","CGY","4","Los Angeles Kings","LAK","6",
"1983-03-08","Buffalo Sabres","BUF","1","Minnesota North Stars","MNS","5",
"1983-03-08","Toronto Maple Leafs","TOR","3","Montreal Canadiens","MTL","3",
"1983-03-08","Washington Capitals","WSH","5","New Jersey Devils","NJD","4",
"1983-03-08","Chicago Black Hawks","CBH","4","Philadelphia Flyers","PHI","1",
"1983-03-08","Boston Bruins","BOS","11","Quebec Nordiques","QUE","5",
"1983-03-08","New York Islanders","NYI","0","St. Louis Blues","STL","6",
"1983-03-08","New York Rangers","NYR","3","Vancouver Canucks","VAN","7",
"1983-03-09","St. Louis Blues","STL","2","Toronto Maple Leafs","TOR","5",
"1983-03-09","Buffalo Sabres","BUF","0","Winnipeg Jets","WIN","6",
"1983-03-10","Montreal Canadiens","MTL","3","Boston Bruins","BOS","1",
"1983-03-10","Winnipeg Jets","WIN","3","Calgary Flames","CGY","6",
"1983-03-10","Chicago Black Hawks","CBH","2","Detroit Red Wings","DET","4",
"1983-03-10","Hartford Whalers","HAR","3","New Jersey Devils","NJD","0",
"1983-03-10","Minnesota North Stars","MNS","3","Philadelphia Flyers","PHI","6",
"1983-03-10","New York Islanders","NYI","4","Pittsburgh Penguins","PIT","3",
"1983-03-11","New York Rangers","NYR","1","Edmonton Oilers","EDM","3",
"1983-03-12","Philadelphia Flyers","PHI","2","Boston Bruins","BOS","5",
"1983-03-12","New York Rangers","NYR","4","Calgary Flames","CGY","1",
"1983-03-12","Pittsburgh Penguins","PIT","7","Hartford Whalers","HAR","2",
"1983-03-12","New Jersey Devils","NJD","7","Montreal Canadiens","MTL","3",
"1983-03-12","Washington Capitals","WSH","2","New York Islanders","NYI","6",
"1983-03-12","Minnesota North Stars","MNS","3","Quebec Nordiques","QUE","6",
"1983-03-12","Detroit Red Wings","DET","1","St. Louis Blues","STL","2",
"1983-03-12","Chicago Black Hawks","CBH","2","Toronto Maple Leafs","TOR","4",
"1983-03-12","Buffalo Sabres","BUF","3","Vancouver Canucks","VAN","8",
"1983-03-13","Toronto Maple Leafs","TOR","5","Detroit Red Wings","DET","2",
"1983-03-13","Buffalo Sabres","BUF","2","Edmonton Oilers","EDM","6",
"1983-03-13","Winnipeg Jets","WIN","6","Los Angeles Kings","LAK","5",
"1983-03-13","Chicago Black Hawks","CBH","4","Pittsburgh Penguins","PIT","3",
"1983-03-13","Boston Bruins","BOS","4","Washington Capitals","WSH","6",
"1983-03-14","Vancouver Canucks","VAN","3","Minnesota North Stars","MNS","6",
"1983-03-14","Calgary Flames","CGY","7","New Jersey Devils","NJD","0",
"1983-03-14","Philadelphia Flyers","PHI","2","New York Rangers","NYR","8",
"1983-03-15","Winnipeg Jets","WIN","3","Los Angeles Kings","LAK","4",
"1983-03-15","Hartford Whalers","HAR","1","Montreal Canadiens","MTL","5",
"1983-03-15","Quebec Nordiques","QUE","3","St. Louis Blues","STL","5",
"1983-03-16","Calgary Flames","CGY","3","Buffalo Sabres","BUF","5",
"1983-03-16","St. Louis Blues","STL","1","Chicago Black Hawks","CBH","4",
"1983-03-16","Vancouver Canucks","VAN","3","Edmonton Oilers","EDM","4",
"1983-03-16","Pittsburgh Penguins","PIT","2","Minnesota North Stars","MNS","3",
"1983-03-16","New York Islanders","NYI","1","New York Rangers","NYR","2",
"1983-03-16","Detroit Red Wings","DET","4","Toronto Maple Leafs","TOR","3",
"1983-03-16","Hartford Whalers","HAR","4","Washington Capitals","WSH","5",
"1983-03-17","Washington Capitals","WSH","2","Boston Bruins","BOS","1",
"1983-03-17","Quebec Nordiques","QUE","3","Los Angeles Kings","LAK","4",
"1983-03-17","New York Islanders","NYI","9","New Jersey Devils","NJD","5",
"1983-03-17","Montreal Canadiens","MTL","4","Philadelphia Flyers","PHI","6",
"1983-03-18","Quebec Nordiques","QUE","3","Vancouver Canucks","VAN","7",
"1983-03-18","Toronto Maple Leafs","TOR","3","Winnipeg Jets","WIN","7",
"1983-03-19","Calgary Flames","CGY","2","Boston Bruins","BOS","2",
"1983-03-19","Detroit Red Wings","DET","7","Edmonton Oilers","EDM","9",
"1983-03-19","Pittsburgh Penguins","PIT","7","Los Angeles Kings","LAK","4",
"1983-03-19","Buffalo Sabres","BUF","6","Montreal Canadiens","MTL","4",
"1983-03-19","Philadelphia Flyers","PHI","2","New York Islanders","NYI","9",
"1983-03-19","Minnesota North Stars","MNS","3","St. Louis Blues","STL","3",
"1983-03-20","Montreal Canadiens","MTL","7","Buffalo Sabres","BUF","4",
"1983-03-20","Toronto Maple Leafs","TOR","3","Chicago Black Hawks","CBH","7",
"1983-03-20","Calgary Flames","CGY","2","Hartford Whalers","HAR","2",
"1983-03-20","Boston Bruins","BOS","4","New York Rangers","NYR","0",
"1983-03-20","Washington Capitals","WSH","3","Philadelphia Flyers","PHI","2",
"1983-03-20","Detroit Red Wings","DET","3","Vancouver Canucks","VAN","6",
"1983-03-20","Quebec Nordiques","QUE","2","Winnipeg Jets","WIN","3",
"1983-03-21","Chicago Black Hawks","CBH","3","Minnesota North Stars","MNS","4",
"1983-03-21","New York Rangers","NYR","2","New Jersey Devils","NJD","4",
"1983-03-21","Edmonton Oilers","EDM","4","Toronto Maple Leafs","TOR","1",
"1983-03-21","Pittsburgh Penguins","PIT","3","Vancouver Canucks","VAN","7",
"1983-03-22","St. Louis Blues","STL","4","Hartford Whalers","HAR","1",
"1983-03-22","Los Angeles Kings","LAK","5","Montreal Canadiens","MTL","6",
"1983-03-22","Boston Bruins","BOS","3","New York Islanders","NYI","1",
"1983-03-23","Hartford Whalers","HAR","3","Buffalo Sabres","BUF","8",
"1983-03-23","New York Rangers","NYR","7","Detroit Red Wings","DET","1",
"1983-03-23","Minnesota North Stars","MNS","3","Toronto Maple Leafs","TOR","6",
"1983-03-23","Edmonton Oilers","EDM","4","Winnipeg Jets","WIN","7",
"1983-03-23","Vancouver Canucks","VAN","1","Washington Capitals","WSH","1",
"1983-03-24","St. Louis Blues","STL","6","Boston Bruins","BOS","7",
"1983-03-24","Chicago Black Hawks","CBH","5","Calgary Flames","CGY","6",
"1983-03-24","Minnesota North Stars","MNS","3","Montreal Canadiens","MTL","5",
"1983-03-24","Toronto Maple Leafs","TOR","4","Philadelphia Flyers","PHI","7",
"1983-03-24","Los Angeles Kings","LAK","3","Quebec Nordiques","QUE","7",
"1983-03-24","New Jersey Devils","NJD","3","Washington Capitals","WSH","5",
"1983-03-25","Philadelphia Flyers","PHI","5","New Jersey Devils","NJD","6",
"1983-03-25","Chicago Black Hawks","CBH","3","Vancouver Canucks","VAN","3",
"1983-03-26","Hartford Whalers","HAR","4","Boston Bruins","BOS","7",
"1983-03-26","Winnipeg Jets","WIN","5","Calgary Flames","CGY","2",
"1983-03-26","Minnesota North Stars","MNS","7","Detroit Red Wings","DET","5",
"1983-03-26","Edmonton Oilers","EDM","9","Los Angeles Kings","LAK","3",
"1983-03-26","St. Louis Blues","STL","5","Montreal Canadiens","MTL","6",
"1983-03-26","New York Rangers","NYR","2","New York Islanders","NYI","3",
"1983-03-26","Quebec Nordiques","QUE","1","Toronto Maple Leafs","TOR","2",
"1983-03-26","Pittsburgh Penguins","PIT","4","Washington Capitals","WSH","4",
"1983-03-27","Quebec Nordiques","QUE","6","Buffalo Sabres","BUF","6",
"1983-03-27","Detroit Red Wings","DET","0","Chicago Black Hawks","CBH","6",
"1983-03-27","Boston Bruins","BOS","1","Hartford Whalers","HAR","5",
"1983-03-27","Washington Capitals","WSH","4","New York Rangers","NYR","5",
"1983-03-27","New Jersey Devils","NJD","1","Philadelphia Flyers","PHI","4",
"1983-03-27","New York Islanders","NYI","4","Pittsburgh Penguins","PIT","1",
"1983-03-27","Los Angeles Kings","LAK","4","Vancouver Canucks","VAN","8",
"1983-03-27","Calgary Flames","CGY","4","Winnipeg Jets","WIN","3",
"1983-03-29","Los Angeles Kings","LAK","3","Calgary Flames","CGY","5",
"1983-03-29","Buffalo Sabres","BUF","4","Hartford Whalers","HAR","5",
"1983-03-29","Toronto Maple Leafs","TOR","4","Minnesota North Stars","MNS","2",
"1983-03-29","Boston Bruins","BOS","4","Quebec Nordiques","QUE","3",
"1983-03-29","New York Rangers","NYR","4","St. Louis Blues","STL","3",
"1983-03-29","Edmonton Oilers","EDM","7","Vancouver Canucks","VAN","4",
"1983-03-30","Minnesota North Stars","MNS","0","Chicago Black Hawks","CBH","5",
"1983-03-30","Toronto Maple Leafs","TOR","4","Detroit Red Wings","DET","2",
"1983-03-30","Montreal Canadiens","MTL","2","Pittsburgh Penguins","PIT","3",
"1983-03-30","Los Angeles Kings","LAK","5","Winnipeg Jets","WIN","10",
"1983-03-30","New York Islanders","NYI","7","Washington Capitals","WSH","1",
"1983-03-31","Vancouver Canucks","VAN","4","Calgary Flames","CGY","4",
"1983-03-31","Buffalo Sabres","BUF","8","New Jersey Devils","NJD","5",
"1983-03-31","New York Rangers","NYR","4","Philadelphia Flyers","PHI","2",
"1983-04-01","Washington Capitals","WSH","7","Detroit Red Wings","DET","8",
"1983-04-01","Winnipeg Jets","WIN","2","Edmonton Oilers","EDM","7",
"1983-04-01","New Jersey Devils","NJD","3","New York Rangers","NYR","3",
"1983-04-02","Quebec Nordiques","QUE","5","Hartford Whalers","HAR","4",
"1983-04-02","Minnesota North Stars","MNS","5","Los Angeles Kings","LAK","8",
"1983-04-02","Boston Bruins","BOS","1","Montreal Canadiens","MTL","2",
"1983-04-02","Pittsburgh Penguins","PIT","3","New York Islanders","NYI","6",
"1983-04-02","Chicago Black Hawks","CBH","2","St. Louis Blues","STL","4",
"1983-04-02","Philadelphia Flyers","PHI","6","Toronto Maple Leafs","TOR","3",
"1983-04-03","Montreal Canadiens","MTL","4","Boston Bruins","BOS","4",
"1983-04-03","Toronto Maple Leafs","TOR","4","Buffalo Sabres","BUF","3",
"1983-04-03","St. Louis Blues","STL","2","Chicago Black Hawks","CBH","7",
"1983-04-03","Calgary Flames","CGY","3","Edmonton Oilers","EDM","3",
"1983-04-03","Vancouver Canucks","VAN","2","Los Angeles Kings","LAK","2",
"1983-04-03","New York Islanders","NYI","2","Philadelphia Flyers","PHI","4",
"1983-04-03","New Jersey Devils","NJD","5","Pittsburgh Penguins","PIT","3",
"1983-04-03","Hartford Whalers","HAR","5","Quebec Nordiques","QUE","6",
"1983-04-03","Detroit Red Wings","DET","3","Winnipeg Jets","WIN","8",
"1983-04-03","New York Rangers","NYR","0","Washington Capitals","WSH","3",
